{
  "metadata" : {
    "realm" : "/",
    "amsterVersion" : "6.5.0",
    "entityType" : "AuthTree",
    "entityId" : "HmacOneTimePassword",
    "pathParams" : { }
  },
  "data" : {
    "_id" : "HmacOneTimePassword",
    "nodes" : {
      "24acfc56-4470-47ec-82ee-eb3c98c4689a" : {
        "nodeType" : "UsernameCollectorNode",
        "displayName" : "User Name Collector",
        "connections" : {
          "outcome" : "b082318f-dc61-48a8-adc5-870cffa80a7d"
        }
      },
      "b082318f-dc61-48a8-adc5-870cffa80a7d" : {
        "nodeType" : "PasswordCollectorNode",
        "displayName" : "Password Collector",
        "connections" : {
          "outcome" : "cf18cc67-611c-4b9a-928b-b684752ddf80"
        }
      },
      "cf18cc67-611c-4b9a-928b-b684752ddf80" : {
        "nodeType" : "DataStoreDecisionNode",
        "displayName" : "Data Store Decision",
        "connections" : {
          "true" : "9f961e03-afa2-4b2d-8f50-0693c8167feb",
          "false" : "e301438c-0bd0-429c-ab0c-66126501069a"
        }
      },
      "10d68230-711d-4dcf-8d75-5ee960e10de1" : {
        "nodeType" : "OneTimePasswordCollectorDecisionNode",
        "displayName" : "OTP Collector Decision",
        "connections" : {
          "true" : "70e691a5-1e33-4ac3-a356-e7b6d60d92e0",
          "false" : "e301438c-0bd0-429c-ab0c-66126501069a"
        }
      },
      "9f961e03-afa2-4b2d-8f50-0693c8167feb" : {
        "nodeType" : "OneTimePasswordGeneratorNode",
        "displayName" : "HOTP Generator",
        "connections" : {
          "outcome" : "036615c1-a357-4eeb-8962-ae32a2439291"
        }
      },
      "036615c1-a357-4eeb-8962-ae32a2439291" : {
        "nodeType" : "OneTimePasswordSmtpSenderNode",
        "displayName" : "OTP Email Sender",
        "connections" : {
          "outcome" : "10d68230-711d-4dcf-8d75-5ee960e10de1"
        }
      }
    },
    "entryNodeId" : "24acfc56-4470-47ec-82ee-eb3c98c4689a"
  }
}