{
  "metadata" : {
    "realm" : null,
    "amsterVersion" : "6.5.0",
    "entityType" : "KeyStoreSecretStore",
    "entityId" : "default-keystore",
    "pathParams" : { }
  },
  "data" : {
    "_id" : "default-keystore",
    "storePassword" : "storepass",
    "file" : "/home/forgerock/openam/keystore.jceks",
    "storetype" : "JCEKS",
    "leaseExpiryDuration" : 5,
    "keyEntryPassword" : "entrypass",
    "providerName" : "SunJCE",
    "_type" : {
      "_id" : "KeyStoreSecretStore",
      "name" : "Keystore",
      "collection" : true
    }
  }
}