{
  "metadata" : {
    "realm" : null,
    "amsterVersion" : "6.5.0",
    "entityType" : "PrometheusReporter",
    "entityId" : "prometheus",
    "pathParams" : { }
  },
  "data" : {
    "_id" : "prometheus",
    "password" : null,
    "password-encrypted" : "AAAAA0FFUwIQYstyeHaM5Kp2pfA6AflPd68OfYk+iMopNjprCf1u87wz2d7zPYY9HQ==",
    "authenticationType" : "BASIC",
    "enabled" : false,
    "username" : "prometheus",
    "_type" : {
      "_id" : "prometheus",
      "name" : "Prometheus Reporter",
      "collection" : true
    }
  }
}