{
  "metadata" : {
    "realm" : "/",
    "amsterVersion" : "6.5.0",
    "entityType" : "PolicyConfiguration",
    "entityId" : "PolicyConfiguration",
    "pathParams" : { }
  },
  "data" : {
    "_id" : "",
    "policyHeartbeatInterval" : 10,
    "bindDn" : "cn=Directory Manager",
    "ldapServer" : [ "localhost:50389" ],
    "connectionPoolMinimumSize" : 1,
    "usersSearchAttribute" : "uid",
    "userAliasEnabled" : false,
    "usersSearchFilter" : "(objectclass=inetorgperson)",
    "searchTimeout" : 5,
    "usersSearchScope" : "SCOPE_SUB",
    "subjectsResultTTL" : 10,
    "sslEnabled" : false,
    "usersBaseDn" : "dc=openam,dc=forgerock,dc=org",
    "bindPassword" : null,
    "connectionPoolMaximumSize" : 10,
    "policyHeartbeatTimeUnit" : "SECONDS",
    "realmSearchFilter" : "(objectclass=sunismanagedorganization)",
    "maximumSearchResults" : 100,
    "_type" : {
      "_id" : "policyconfiguration",
      "name" : "Policy Configuration",
      "collection" : false
    }
  }
}