{
  "metadata" : {
    "realm" : null,
    "amsterVersion" : "6.5.0",
    "entityType" : "IdRepositoryUser",
    "entityId" : "anonymous",
    "pathParams" : { }
  },
  "data" : {
    "_id" : "anonymous",
    "userPassword" : null,
    "userPassword-encrypted" : "AAAAA0FFUwIQ6bBzX0EBRPrAxqy2DKDnleOOMrRIug7PqGErdt5fXTNViuuWMEcLnZqxpVwGdcJ0V0hDfH+Qy/4=",
    "roles" : [ ],
    "givenName" : "anonymous",
    "dn" : "uid=anonymous,ou=people,",
    "cn" : "anonymous",
    "inetUserStatus" : "Active",
    "sn" : "anonymous",
    "iplanet-am-user-auth-config" : "[Empty]",
    "_type" : {
      "_id" : "user",
      "name" : "User",
      "collection" : true
    }
  }
}