{
  "metadata" : {
    "realm" : "/",
    "amsterVersion" : "6.5.0",
    "entityType" : "OpenDJ",
    "entityId" : "OpenDJ",
    "pathParams" : { }
  },
  "data" : {
    "_id" : "OpenDJ",
    "groupconfig" : {
      "sun-idrepo-ldapv3-config-groups-search-attribute" : "cn",
      "sun-idrepo-ldapv3-config-group-container-value" : "groups",
      "sun-idrepo-ldapv3-config-group-attributes" : [ "dn", "cn", "uniqueMember", "objectclass" ],
      "sun-idrepo-ldapv3-config-group-container-name" : "ou",
      "sun-idrepo-ldapv3-config-uniquemember" : "uniqueMember",
      "sun-idrepo-ldapv3-config-groups-search-filter" : "(objectclass=groupOfUniqueNames)",
      "sun-idrepo-ldapv3-config-memberurl" : "memberUrl",
      "sun-idrepo-ldapv3-config-group-objectclass" : [ "top", "groupofuniquenames" ]
    },
    "userconfig" : {
      "sun-idrepo-ldapv3-config-auth-kba-attempts-attr" : [ "kbaInfoAttempts" ],
      "sun-idrepo-ldapv3-config-user-objectclass" : [ "iplanet-am-managed-person", "inetuser", "sunFederationManagerDataStore", "sunFMSAML2NameIdentifier", "inetorgperson", "devicePrintProfilesContainer", "sunIdentityServerLibertyPPService", "pushDeviceProfilesContainer", "iPlanetPreferences", "iplanet-am-user-service", "forgerock-am-dashboard-service", "organizationalperson", "top", "kbaInfoContainer", "oathDeviceProfilesContainer", "person", "webauthnDeviceProfilesContainer", "sunAMAuthAccountLockout", "iplanet-am-auth-configuration-service" ],
      "sun-idrepo-ldapv3-config-people-container-name" : "ou",
      "sun-idrepo-ldapv3-config-auth-kba-attr" : [ "kbaInfo" ],
      "sun-idrepo-ldapv3-config-isactive" : "inetuserstatus",
      "sun-idrepo-ldapv3-config-users-search-attribute" : "uid",
      "sun-idrepo-ldapv3-config-users-search-filter" : "(objectclass=inetorgperson)",
      "sun-idrepo-ldapv3-config-people-container-value" : "people",
      "sun-idrepo-ldapv3-config-active" : "Active",
      "sun-idrepo-ldapv3-config-user-attributes" : [ "sunIdentityServerPPLegalIdentityLegalName", "sunIdentityServerPPSignKey", "iplanet-am-user-password-reset-question-answer", "mail", "iplanet-am-user-alias-list", "iplanet-am-auth-configuration", "assignedDashboard", "authorityRevocationList", "sunIdentityServerDiscoEntries", "dn", "sunIdentityServerPPCommonNameFN", "iplanet-am-user-password-reset-options", "sunIdentityServerPPLegalIdentityVATIdValue", "createTimestamp", "employeeNumber", "sunIdentityServerPPEmergencyContact", "kbaActiveIndex", "sunIdentityServerPPAddressCard", "sunIdentityServerPPLegalIdentityVATIdType", "sunIdentityServerPPDemographicsTimeZone", "caCertificate", "iplanet-am-session-quota-limit", "iplanet-am-user-auth-config", "sunIdentityServerPPCommonNameSN", "sun-fm-saml2-nameid-infokey", "sunIdentityMSISDNNumber", "devicePrintProfiles", "sunAMAuthInvalidAttemptsData", "iplanet-am-user-password-reset-force-reset", "sunIdentityServerPPLegalIdentityMaritalStatus", "iplanet-am-user-federation-info-key", "givenName", "iplanet-am-session-get-valid-sessions", "objectClass", "adminRole", "sunIdentityServerPPEncryPTKey", "sunIdentityServerPPCommonNameCN", "sunIdentityServerPPInformalName", "sunIdentityServerPPLegalIdentityAltIdValue", "inetUserHttpURL", "iplanet-am-user-account-life", "userCertificate", "postalAddress", "preferredtimezone", "iplanet-am-user-admin-start-dn", "oath2faEnabled", "preferredlanguage", "sun-fm-saml2-nameid-info", "sunIdentityServerPPFacadeWebSite", "sunIdentityServerPPFacadeNamePronounced", "sunIdentityServerPPDemographicsBirthDay", "userPassword", "iplanet-am-session-service-status", "telephoneNumber", "sunIdentityServerPPDemographicsDisplayLanguage", "iplanet-am-session-max-idle-time", "sunIdentityServerPPCommonNamePT", "distinguishedName", "iplanet-am-session-destroy-sessions", "kbaInfoAttempts", "modifyTimestamp", "uid", "iplanet-am-user-success-url", "kbaInfo", "sunIdentityServerPPEmploymentIdentityOrg", "iplanet-am-user-auth-modules", "sn", "memberOf", "sunIdentityServerPPEmploymentIdentityAltO", "sunIdentityServerPPMsgContact", "preferredLocale", "iplanet-am-user-federation-info", "manager", "sunIdentityServerPPCommonNameMN", "iplanet-am-session-max-session-time", "sunIdentityServerPPLegalIdentityGender", "sunIdentityServerPPCommonNameAltCN", "cn", "sunIdentityServerPPLegalIdentityAltIdType", "sunIdentityServerPPDemographicsAge", "sunIdentityServerPPFacadegreetmesound", "oathDeviceProfiles", "webauthnDeviceProfiles", "iplanet-am-user-login-status", "sunIdentityServerPPEmploymentIdentityJobTitle", "sunIdentityServerPPFacadeMugShot", "pushDeviceProfiles", "sunIdentityServerPPLegalIdentityDOB", "push2faEnabled", "inetUserStatus", "sunIdentityServerPPDemographicsLanguage", "sunIdentityServerPPFacadeGreetSound", "iplanet-am-user-failure-url", "iplanet-am-session-max-caching-time" ],
      "sun-idrepo-ldapv3-config-createuser-attr-mapping" : [ "cn", "sn" ],
      "sun-idrepo-ldapv3-config-auth-kba-index-attr" : "kbaActiveIndex",
      "sun-idrepo-ldapv3-config-inactive" : "Inactive"
    },
    "cachecontrol" : {
      "sun-idrepo-ldapv3-dncache-enabled" : true,
      "sun-idrepo-ldapv3-dncache-size" : 1500
    },
    "ldapsettings" : {
      "sun-idrepo-ldapv3-config-connection_pool_max_size" : 10,
      "openam-idrepo-ldapv3-behera-support-enabled" : true,
      "sun-idrepo-ldapv3-config-authid" : "cn=Directory manager",
      "openam-idrepo-ldapv3-proxied-auth-enabled" : false,
      "openam-idrepo-ldapv3-contains-iot-identities-enriched-as-oauth2client" : false,
      "sun-idrepo-ldapv3-config-max-result" : 1000,
      "sun-idrepo-ldapv3-config-search-scope" : "SCOPE_SUB",
      "sun-idrepo-ldapv3-config-time-limit" : 10,
      "openam-idrepo-ldapv3-heartbeat-interval" : 10,
      "sun-idrepo-ldapv3-config-ldap-server" : [ "configstore-0.configstore:1389" ],
      "openam-idrepo-ldapv3-heartbeat-timeunit" : "SECONDS",
      "sun-idrepo-ldapv3-config-organization_name" : "ou=identities",
      "sun-idrepo-ldapv3-config-connection-mode" : "LDAP",
      "sun-idrepo-ldapv3-config-authpw" : null,
      "sun-idrepo-ldapv3-config-authpw-encrypted" : "AAAAA0FFUwIQFo6zaKzUCpMttrEGvDbMO46bFl0sGP/18Qix8lbEP2DCp+4U6H+AYQ=="
    },
    "pluginconfig" : {
      "sunIdRepoSupportedOperations" : [ "realm=read,create,edit,delete,service", "group=read,create,edit,delete", "user=read,create,edit,delete,service" ],
      "sunIdRepoAttributeMapping" : [ ],
      "sunIdRepoClass" : "org.forgerock.openam.idrepo.ldap.DJLDAPv3Repo"
    },
    "persistentsearch" : {
      "sun-idrepo-ldapv3-config-psearch-scope" : "SCOPE_SUB",
      "sun-idrepo-ldapv3-config-psearch-filter" : "(!(objectclass=frCoreToken))",
      "sun-idrepo-ldapv3-config-psearchbase" : "ou=identities"
    },
    "errorhandling" : {
      "com.iplanet.am.ldap.connection.delay.between.retries" : 1000
    },
    "authentication" : {
      "sun-idrepo-ldapv3-config-auth-naming-attr" : "uid"
    },
    "_type" : {
      "_id" : "LDAPv3ForOpenDS",
      "name" : "OpenDJ",
      "collection" : true
    }
  }
}