{
  "metadata" : {
    "realm" : "/",
    "amsterVersion" : "6.5.0",
    "entityType" : "OTPEmailSender",
    "entityId" : "eccf0e55-c8c7-4cb2-8465-f18644785704",
    "pathParams" : { }
  },
  "data" : {
    "_id" : "eccf0e55-c8c7-4cb2-8465-f18644785704",
    "hostName" : "mail.example.com",
    "password" : null,
    "sslOption" : "SSL",
    "hostPort" : 25,
    "emailAttribute" : "mail",
    "smsGatewayImplementationClass" : "com.sun.identity.authentication.modules.hotp.DefaultSMSGatewayImpl",
    "fromEmailAddress" : "admin@example.com",
    "username" : "admin@example.com",
    "_type" : {
      "_id" : "OneTimePasswordSmtpSenderNode",
      "name" : "OTP Email Sender",
      "collection" : true
    }
  }
}