{
  "metadata" : {
    "realm" : null,
    "amsterVersion" : "6.5.0",
    "entityType" : "DirectoryConfiguration",
    "entityId" : "http://openam:80",
    "pathParams" : {
      "serverName" : "http://openam:80"
    }
  },
  "data" : {
    "_id" : "01/properties/directoryConfiguration",
    "directoryConfiguration" : {
      "minConnectionPool" : 1,
      "maxConnectionPool" : 10,
      "bindDn" : "cn=Directory Manager",
      "bindPassword" : null,
      "bindPassword-encrypted" : "AAAAA0FFUwIQxfAlV09G95YjVNU3Y+LUE8FBEp/7UYQ52rS+7xqd/5i0//8fnX97Xg=="
    },
    "directoryServers" : [ {
      "hostName" : "configstore-0.configstore",
      "serverName" : "Server1",
      "connectionType" : "SIMPLE",
      "portNumber" : "1389"
    } ]
  }
}