{
  "metadata" : {
    "realm" : null,
    "amsterVersion" : "6.5.0",
    "entityType" : "AuthenticatorPush",
    "entityId" : "AuthenticatorPush",
    "pathParams" : { }
  },
  "data" : {
    "_id" : "",
    "defaults" : {
      "authenticatorPushDeviceSettingsEncryptionKeystore" : "/home/forgerock/openam/keystore.jks",
      "authenticatorPushDeviceSettingsEncryptionKeystorePassword" : null,
      "authenticatorPushDeviceSettingsEncryptionKeystorePassword-encrypted" : "AAAAA0FFUwIQ2d2wJI5GGuFHOAHw3JPdUHAQxJMw8/sEa597H8+ghzqO7pY+4s1fdA==",
      "pushAttrName" : "pushDeviceProfiles",
      "authenticatorPushDeviceSettingsEncryptionKeystoreType" : "JKS",
      "authenticatorPushSkippableName" : "push2faEnabled",
      "authenticatorPushDeviceSettingsEncryptionScheme" : "NONE"
    },
    "_type" : {
      "_id" : "authenticatorPushService",
      "name" : "ForgeRock Authenticator (Push) Service",
      "collection" : false
    }
  }
}