{
  "metadata" : {
    "realm" : null,
    "amsterVersion" : "6.5.0",
    "entityType" : "AuthenticatorWebAuthn",
    "entityId" : "AuthenticatorWebAuthn",
    "pathParams" : { }
  },
  "data" : {
    "_id" : "",
    "defaults" : {
      "authenticatorWebAuthnDeviceSettingsEncryptionScheme" : "NONE",
      "authenticatorWebAuthnDeviceSettingsEncryptionKeystorePassword" : null,
      "authenticatorWebAuthnDeviceSettingsEncryptionKeystorePassword-encrypted" : "AAAAA0FFUwIQdjDKaN9Myi3XgrbyE5pn1jstuqOlWtwezaMmmWWf02KwTRu3xjuiJA==",
      "authenticatorWebAuthnDeviceSettingsEncryptionKeystoreType" : "JCEKS",
      "webauthnAttrName" : "webauthnDeviceProfiles",
      "authenticatorWebAuthnDeviceSettingsEncryptionKeystore" : "/home/forgerock/openam/keystore.jceks"
    },
    "_type" : {
      "_id" : "authenticatorWebAuthnService",
      "name" : "WebAuthn Profile Encryption Service",
      "collection" : false
    }
  }
}