{
  "metadata" : {
    "realm" : null,
    "amsterVersion" : "6.5.0",
    "entityType" : "AuthenticatorOath",
    "entityId" : "AuthenticatorOath",
    "pathParams" : { }
  },
  "data" : {
    "_id" : "",
    "defaults" : {
      "oathAttrName" : "oathDeviceProfiles",
      "authenticatorOATHDeviceSettingsEncryptionScheme" : "NONE",
      "authenticatorOATHDeviceSettingsEncryptionKeystore" : "/home/forgerock/openam/keystore.jks",
      "authenticatorOATHDeviceSettingsEncryptionKeystoreType" : "JKS",
      "authenticatorOATHDeviceSettingsEncryptionKeystorePassword" : null,
      "authenticatorOATHDeviceSettingsEncryptionKeystorePassword-encrypted" : "AAAAA0FFUwIQ4WYJk5eyxubXmAApLeWbDM07h7wjT8e87iXr0pIIsigIyaZmn1PnQA==",
      "authenticatorOATHSkippableName" : "oath2faEnabled"
    },
    "_type" : {
      "_id" : "authenticatorOathService",
      "name" : "ForgeRock Authenticator (OATH) Service",
      "collection" : false
    }
  }
}