{
  "metadata" : {
    "realm" : null,
    "amsterVersion" : "6.5.0",
    "entityType" : "CertificateModule",
    "entityId" : "CertificateModule",
    "pathParams" : { }
  },
  "data" : {
    "_id" : "",
    "defaults" : {
      "matchCertificateInLdap" : false,
      "certificateAttributeProfileMappingExtension" : "none",
      "matchCertificateToCRL" : false,
      "crlMatchingCertificateAttribute" : "CN",
      "certificateLdapServers" : [ "configstore-0.configstore:1389" ],
      "ldapCertificateAttribute" : "CN",
      "updateCRLsFromDistributionPoint" : true,
      "cacheCRLsInMemory" : true,
      "crlHttpParameters" : "",
      "authenticationLevel" : 0,
      "certificateAttributeToProfileMapping" : "subject CN",
      "ldapSearchStartDN" : [ ],
      "userBindDN" : "cn=Directory manager",
      "trustedRemoteHosts" : [ "none" ],
      "matchCACertificateToCRL" : false,
      "iplanet-am-auth-cert-gw-cert-preferred" : false,
      "ocspValidationEnabled" : false,
      "sslEnabled" : false,
      "clientCertificateHttpHeaderName" : ""
    },
    "_type" : {
      "_id" : "certificate",
      "name" : "Certificate",
      "collection" : false
    }
  }
}