{
  "metadata" : {
    "realm" : null,
    "amsterVersion" : "6.5.0",
    "entityType" : "Session",
    "entityId" : "Session",
    "pathParams" : { }
  },
  "data" : {
    "_id" : "",
    "stateless" : {
      "statelessSigningHmacSecret" : null,
      "statelessSigningHmacSecret-encrypted" : "AAAAA0FFUwIQUXOndu4q4v9pC0lXLYoTPkUOQeZBD6gl+8GDoHZxLgpes0EuXpPwCVQKzI2Byqyy9snGFWanJ7tQLO+sa3PdeRURvBuq0mGf",
      "openam-session-stateless-blacklist-poll-interval" : 60,
      "statelessSigningType" : "HS256",
      "openam-session-stateless-enable-session-blacklisting" : false,
      "statelessCompressionType" : "NONE",
      "statelessEncryptionType" : "DIRECT",
      "openam-session-stateless-blacklist-purge-delay" : 1,
      "statelessSigningRsaCertAlias" : "test",
      "statelessEncryptionAesKey" : null,
      "statelessEncryptionAesKey-encrypted" : "AAAAA0FFUwIQRw1czLJj/iqA8dy9ykAcSsfS3VFP/ECVyApmHB8EmYSTanQFwOXLFvJIznXD5WYrDZaXYnp4S3sEA854BbLDG261lV6wLg9Q",
      "openam-session-stateless-blacklist-cache-size" : 10000,
      "statelessEncryptionRsaCertAlias" : "test"
    },
    "general" : {
      "timeoutHandlers" : [ ],
      "latestAccessTimeUpdateFrequency" : 60,
      "dnRestrictionOnly" : false
    },
    "notifications" : {
      "propertyChangeNotifications" : "OFF",
      "notificationPropertyList" : [ ]
    },
    "iplanet-am-session-constraint-resulting-behavior" : "DESTROY_OLD_SESSION",
    "quotas" : {
      "iplanet-am-session-enable-session-constraint" : "OFF",
      "denyLoginWhenRepoDown" : "NO",
      "quotaConstraintMaxWaitTime" : 6000,
      "behaviourWhenQuotaExhausted" : "org.forgerock.openam.session.service.DestroyNextExpiringAction"
    },
    "search" : {
      "maxSessionListSize" : 120,
      "sessionListRetrievalTimeout" : 5
    },
    "dynamic" : {
      "maxSessionTime" : 120,
      "maxIdleTime" : 30,
      "quotaLimit" : 5,
      "maxCachingTime" : 3
    },
    "_type" : {
      "_id" : "session",
      "name" : "Session",
      "collection" : false
    }
  }
}