{
  "metadata" : {
    "realm" : null,
    "amsterVersion" : "6.5.0",
    "entityType" : "WindowsDesktopSsoModule",
    "entityId" : "WindowsDesktopSsoModule",
    "pathParams" : { }
  },
  "data" : {
    "_id" : "",
    "defaults" : {
      "trustedKerberosRealms" : [ ],
      "lookupUserInRealm" : false,
      "authenticationLevel" : 0,
      "returnPrincipalWithDomainName" : false
    },
    "_type" : {
      "_id" : "windowsdesktopsso",
      "name" : "Windows Desktop SSO",
      "collection" : false
    }
  }
}