{
  "metadata" : {
    "realm" : null,
    "amsterVersion" : "6.5.0",
    "entityType" : "DirectoryConfiguration",
    "entityId" : "http://am.example.com:18080/am",
    "pathParams" : {
      "serverName" : "http://am.example.com:18080/am"
    }
  },
  "data" : {
    "_id" : "01/properties/directoryConfiguration",
    "directoryConfiguration" : {
      "minConnectionPool" : 1,
      "maxConnectionPool" : 10,
      "bindDn" : "cn=Directory Manager",
      "bindPassword" : null
    },
    "directoryServers" : [ {
      "hostName" : "localhost",
      "serverName" : "Server1",
      "connectionType" : "SIMPLE",
      "portNumber" : "50389"
    } ]
  }
}