{
  "metadata" : {
    "realm" : "/",
    "amsterVersion" : "6.5.0",
    "entityType" : "Applications",
    "entityId" : "oauth2Scopes",
    "pathParams" : { }
  },
  "data" : {
    "_id" : "oauth2Scopes",
    "displayName" : "Default OAuth2 Scopes Policy Set",
    "description" : "The built-in Application used by the OAuth2 scope authorization process.",
    "attributeNames" : [ ],
    "createdBy" : "id=dsameuser,ou=user,ou=am-config",
    "resourceComparator" : null,
    "resourceTypeUuids" : [ "d60b7a71-1dc6-44a5-8e48-e4b9d92dee8b" ],
    "creationDate" : 1549320826656,
    "lastModifiedDate" : 1549323479989,
    "lastModifiedBy" : "id=amadmin,ou=user,ou=am-config",
    "editable" : true,
    "saveIndex" : null,
    "searchIndex" : null,
    "entitlementCombiner" : "DenyOverride",
    "subjects" : [ "NOT", "OR", "JwtClaim", "AuthenticatedUsers", "AND", "Identity", "NONE" ],
    "conditions" : [ "LEAuthLevel", "Script", "AuthenticateToService", "SimpleTime", "AMIdentityMembership", "OR", "IPv6", "IPv4", "SessionProperty", "AuthScheme", "AuthLevel", "NOT", "Transaction", "AuthenticateToRealm", "AND", "ResourceEnvIP", "LDAPFilter", "OAuth2Scope", "Session" ],
    "applicationType" : "iPlanetAMWebAgentService",
    "name" : "oauth2Scopes"
  }
}