{
  "metadata" : {
    "realm" : "/",
    "amsterVersion" : "6.5.0",
    "entityType" : "Applications",
    "entityId" : "sunAMDelegationService",
    "pathParams" : { }
  },
  "data" : {
    "_id" : "sunAMDelegationService",
    "displayName" : "Delegation Policy Set",
    "description" : null,
    "attributeNames" : [ ],
    "createdBy" : "id=dsameuser,ou=user,ou=am-config",
    "resourceComparator" : null,
    "resourceTypeUuids" : [ "20a13582-1f32-4f83-905f-f71ff4e2e00d" ],
    "creationDate" : 1549320826758,
    "lastModifiedDate" : 1549323480192,
    "lastModifiedBy" : "id=amadmin,ou=user,ou=am-config",
    "editable" : true,
    "saveIndex" : null,
    "searchIndex" : null,
    "entitlementCombiner" : "DenyOverride",
    "subjects" : [ "NOT", "OR", "AuthenticatedUsers", "AND", "Identity" ],
    "conditions" : [ ],
    "applicationType" : "sunAMDelegationService",
    "name" : "sunAMDelegationService"
  }
}