{
  "metadata" : {
    "realm" : "/",
    "amsterVersion" : "6.5.0",
    "entityType" : "SocialFacebook",
    "entityId" : "7002b314-9ab4-4527-b15c-fde79052c71f",
    "pathParams" : { }
  },
  "data" : {
    "_id" : "7002b314-9ab4-4527-b15c-fde79052c71f",
    "redirectURI" : "http://am.example.com:18080/am",
    "authenticationIdKey" : "id",
    "clientId" : "aClientId",
    "basicAuth" : true,
    "cfgAccountProviderClass" : "org.forgerock.openam.authentication.modules.common.mapping.DefaultAccountProvider",
    "scopeString" : "public_profile,email",
    "cfgAccountMapperConfiguration" : {
      "id" : "iplanet-am-user-alias-list"
    },
    "cfgAttributeMappingClasses" : [ "org.forgerock.openam.authentication.modules.common.mapping.JsonAttributeMapper|iplanet-am-user-alias-list|facebook-" ],
    "tokenEndpoint" : "https://graph.facebook.com/v2.12/oauth/access_token",
    "cfgAttributeMappingConfiguration" : {
      "name" : "cn",
      "last_name" : "sn",
      "id" : "iplanet-am-user-alias-list",
      "first_name" : "givenName",
      "email" : "mail"
    },
    "provider" : "facebook",
    "cfgMixUpMitigation" : false,
    "authorizeEndpoint" : "https://www.facebook.com/dialog/oauth",
    "clientSecret" : null,
    "userInfoEndpoint" : "https://graph.facebook.com/v2.6/me?fields=name%2Cemail%2Cfirst_name%2Clast_name",
    "cfgAccountMapperClass" : "org.forgerock.openam.authentication.modules.common.mapping.JsonAttributeMapper|*|facebook-",
    "saveUserAttributesToSession" : true,
    "_type" : {
      "_id" : "SocialFacebookNode",
      "name" : "Social Facebook",
      "collection" : true
    }
  }
}